id,name,showdown_id,lean,stage,reason
1,Bulbasaur,bulbasaur,neutral,young,"Lean by default: the 1-in-8 starter ratio is class-wide and not evidence. Stage young: a first stage with baby forms not counted, or a small single-stage form. Pick: Kanto starter and Pokémon of the Year top 15; Ash's Bulbasaur keeps the peace at Oak's lab. Sketch: steady, caring."
3,Venusaur,venusaur,neutral,mature,"Lean by default: starter ratio is class-wide. Stage mature: a final form or legendary with a wise, calm or protective canon. Pick: Kanto starter; the Pokédex says its flower's aroma soothes people. Sketch: steady, calm."
4,Charmander,charmander,neutral,young,"Lean by default: starter ratio is class-wide. Stage young: a first stage with baby forms not counted, or a small single-stage form. Pick: Kanto starter; the flame on its tail shows how it feels. Sketch: spirited, warm."
6,Charizard,charizard,neutral,evolved,"Lean by default: starter ratio is class-wide. Stage evolved: a middle or final form in its prime. Pick: Fourth in the 2020 vote; the Pokédex says it never turns its fire on a weaker foe. Sketch: bold, proud."
7,Squirtle,squirtle,neutral,young,"Lean by default: starter ratio is class-wide. Stage young: a first stage with baby forms not counted, or a small single-stage form. Pick: Kanto starter and leader of the Squirtle Squad in the anime. Sketch: playful, outgoing."
9,Blastoise,blastoise,neutral,mature,"Lean by default: starter ratio is class-wide. Stage mature: a final form or legendary with a wise, calm or protective canon. Pick: Kanto starter; the Pokédex says it braces firmly so its water jets fly straight. Sketch: steady, protective."
12,Butterfree,butterfree,neutral,evolved,"Lean by default: ratio is 50%. Stage evolved: a middle or final form in its prime. Pick: Ash's first catch; the Pokédex says it collects honey every day. Sketch: gentle, diligent."
25,Pikachu,pikachu,neutral,young,"Lean by default: ratio is 50%. Stage young: a first stage with baby forms not counted, or a small single-stage form. Pick: Series mascot and Ash's partner. Sketch: loyal, spirited."
26,Raichu,raichu,neutral,evolved,"Lean by default: ratio is 50%. Stage evolved: a middle or final form in its prime. Pick: Pikachu's evolution; it stores electricity in its tail. Sketch: energetic, bold."
30,Nidorina,nidorina,feminine,evolved,Lean by ratio: female only. Stage evolved: a middle or final form in its prime. Pick: Gen 1; the Pokédex says its barbs retract when it feels relaxed. Sketch: caring team player.
35,Clefairy,clefairy,feminine,young,"Lean by ratio: 75% female. Stage young: a first stage with baby forms not counted, or a small single-stage form. Pick: Gen 1 regular; the Pokédex says groups come out to play on full-moon nights. Sketch: playful, social."
36,Clefable,clefable,feminine,evolved,"Lean by ratio: 75% female. Stage evolved: a middle or final form in its prime. Pick: The Pokédex calls it very shy and says it can hear a pin drop far away. Sketch: quiet, reflective."
37,Vulpix,vulpix,feminine,young,"Lean by ratio: 75% female. Stage young: a first stage with baby forms not counted, or a small single-stage form. Pick: Gen 1, Brock's Vulpix in the anime; its six tails grow more beautiful as it grows. Sketch: composed, loyal."
58,Growlithe,growlithe,masculine,young,"Lean by ratio: 75% male. Stage young: a first stage with baby forms not counted, or a small single-stage form. Pick: Officer Jenny's partner; the Pokédex says it barks to protect its territory and trainer. Sketch: loyal, brave."
59,Arcanine,arcanine,masculine,mature,"Lean by ratio: 75% male. Stage mature: a final form or legendary with a wise, calm or protective canon. Pick: Its genus is Legendary Pokémon; the Pokédex praises its majesty and loyalty. Sketch: loyal, steady, noble."
65,Alakazam,alakazam,masculine,mature,"Lean by ratio: 75% male. Stage mature: a final form or legendary with a wise, calm or protective canon. Pick: The Pokédex says it remembers everything and has an IQ near 5,000. Sketch: brilliant, reserved."
77,Ponyta,ponyta,neutral,young,"Added by the 2026-09-27 screen. Lean by default: ratio is 50% (record only). Stage young: a first stage with baby forms not counted, or a small single-stage form. Pick: Gen 1 fire horse; the Pokédex says it became a world-class jumper by training over grass that grows taller every day. Sketch: lively, go-with-the-flow, down-to-earth."
78,Rapidash,rapidash,neutral,evolved,"Added by the 2026-09-27 screen. Lean by default: ratio is 50% (record only). Stage evolved: a middle or final form in its prime. Pick: Gen 1; the Pokédex calls it very competitive and says it races anything fast. Sketch: outgoing, strong-willed, spontaneous."
94,Gengar,gengar,neutral,evolved,"Lean by default: ratio is 50%. Stage evolved: a middle or final form in its prime. Pick: Pokémon of the Year top ten; shadows that laugh on a full-moon night are its prank. Sketch: mischievous, playful."
106,Hitmonlee,hitmonlee,masculine,evolved,"Lean by ratio: male only. Stage evolved: a middle or final form in its prime. Pick: Kicking master whose legs stretch to reach any foe. Sketch: disciplined, focused."
107,Hitmonchan,hitmonchan,masculine,evolved,"Lean by ratio: male only. Stage evolved: a middle or final form in its prime. Pick: The Punching Pokémon fights with a champion boxer's focus. Sketch: determined, competitive."
113,Chansey,chansey,feminine,evolved,"Lean by ratio: female only. Stage evolved: a middle or final form in its prime. Pick: Nurse Joy's partner; the Pokédex says it shares its egg with the injured. Sketch: kind, dependable."
115,Kangaskhan,kangaskhan,feminine,mature,"Lean by ratio: female only. Stage mature: a final form or legendary with a wise, calm or protective canon. Pick: The Parent Pokémon raises its young in its pouch and guards them. Sketch: protective, steady."
125,Electabuzz,electabuzz,masculine,evolved,"Added by the 2026-09-27 screen. Lean by ratio: 75% male (record only). Stage evolved: a middle or final form in its prime. Pick: Gen 1 regular; two Electabuzz share their feelings through electric currents. Sketch: energetic, outgoing, spontaneous, strong-willed."
131,Lapras,lapras,neutral,mature,"Lean by default: ratio is 50%. Stage mature: a final form or legendary with a wise, calm or protective canon. Pick: The Pokédex says it ferries people across the sea; Ash's Lapras. Sketch: gentle, wise."
133,Eevee,eevee,neutral,young,"Lean by default: the 1-in-8 Eevee family ratio is class-wide. Stage young: a first stage with baby forms not counted, or a small single-stage form. Pick: Pokémon of the Year top 20; its genes let it adapt to many paths. Sketch: curious, adaptable."
135,Jolteon,jolteon,neutral,evolved,"Lean by default: Eevee family ratio is class-wide. Stage evolved: a middle or final form in its prime. Pick: The Pokédex calls it sensitive, and its fur bristles into needles when it charges. Sketch: quick, sensitive."
136,Flareon,flareon,neutral,evolved,"Lean by default: Eevee family ratio is class-wide. Stage evolved: a middle or final form in its prime. Pick: Its fluffy fur stores heat from its flame sac. Sketch: warm, spirited."
147,Dratini,dratini,neutral,young,"Lean by default: ratio is 50%. Stage young: a first stage with baby forms not counted, or a small single-stage form. Pick: Long thought to be a myth; it sheds its skin as it grows. Sketch: shy, quietly growing."
149,Dragonite,dragonite,neutral,mature,"Lean by default: ratio is 50%. Stage mature: a final form or legendary with a wise, calm or protective canon. Pick: The Pokédex says it guides ships lost in storms to safe harbour. Sketch: kind, generous."
150,Mewtwo,mewtwo,neutral,mature,"Lean by default: genderless. Stage mature: a final form or legendary with a wise, calm or protective canon. Pick: Star of the first film, a powerful psychic that chose peace at the end. Sketch: thoughtful, intense."
151,Mew,mew,neutral,young,"Lean by default: genderless. Stage young: a first stage with baby forms not counted, or a small single-stage form. Pick: Mythical, playful, said to hold the genes of every Pokémon. Sketch: curious, free spirit."
152,Chikorita,chikorita,neutral,young,"Lean by default: starter ratio is class-wide. Stage young: a first stage with baby forms not counted, or a small single-stage form. Pick: Johto starter; Ash's Chikorita was openly affectionate. Sketch: friendly, warm."
154,Meganium,meganium,neutral,mature,"Lean by default: starter ratio is class-wide. Stage mature: a final form or legendary with a wise, calm or protective canon. Pick: The Pokédex says its breath brings dead plants back to life. Sketch: nurturing, calm."
155,Cyndaquil,cyndaquil,neutral,young,"Lean by default: starter ratio is class-wide. Stage young: a first stage with baby forms not counted, or a small single-stage form. Pick: Johto starter; the Pokédex calls it timid and says it curls up often. Sketch: shy, gentle."
157,Typhlosion,typhlosion,neutral,evolved,"Lean by default: starter ratio is class-wide. Stage evolved: a middle or final form in its prime. Pick: Johto starter whose flames blaze when it is fired up. Sketch: intense, energetic."
158,Totodile,totodile,neutral,young,"Lean by default: starter ratio is class-wide. Stage young: a first stage with baby forms not counted, or a small single-stage form. Pick: Johto starter; Ash's Totodile dances whenever it is happy. Sketch: playful, carefree."
164,Noctowl,noctowl,neutral,mature,"Lean by default: ratio is 50%. Stage mature: a final form or legendary with a wise, calm or protective canon. Pick: Owl that sees in the dark; Ash's shiny Noctowl. Sketch: wise, observant."
179,Mareep,mareep,neutral,young,"Added by the 2026-09-27 screen. Lean by default: ratio is 50% (record only). Stage young: a first stage with baby forms not counted, or a small single-stage form. Pick: Johto; its fluffy fleece stores static and lights the bulb on its tail. Sketch: gentle, steady, low-key."
181,Ampharos,ampharos,neutral,mature,"Lean by default: ratio is 50%. Stage mature: a final form or legendary with a wise, calm or protective canon. Pick: The Pokédex says the light on its tail is a beacon for people who are lost. Sketch: dependable, guiding."
196,Espeon,espeon,neutral,evolved,"Lean by default: Eevee family ratio is class-wide. Stage evolved: a middle or final form in its prime. Pick: The Pokédex says it is loyal to trainers it respects and senses what comes next. Sketch: perceptive, loyal."
197,Umbreon,umbreon,neutral,evolved,"Lean by default: Eevee family ratio is class-wide. Stage evolved: a middle or final form in its prime. Pick: Fifth in the 2020 vote; its rings glow under the moon. Sketch: calm, watchful."
212,Scizor,scizor,neutral,evolved,"Added by the 2026-09-27 screen. Lean by default: ratio is 50% (record only). Stage evolved: a middle or final form in its prime. Pick: Johto favourite; the Pokédex says ordinary attacks do not faze it. Sketch: disciplined, strong-willed, steady, down-to-earth."
237,Hitmontop,hitmontop,masculine,evolved,"Added by the 2026-09-27 screen. Lean by ratio: male only (record only). Stage evolved: a middle or final form in its prime. Pick: Johto; it fights with elegant, dance-like spinning kicks. Sketch: playful, practical, go-with-the-flow."
242,Blissey,blissey,feminine,mature,"Lean by ratio: female only. Stage mature: a final form or legendary with a wise, calm or protective canon. Pick: The Pokédex says it senses sadness and shares eggs that bring a smile. Sketch: generous, warm."
245,Suicune,suicune,neutral,mature,"Lean by default: genderless. Stage mature: a final form or legendary with a wise, calm or protective canon. Pick: Legendary said to purify water wherever it runs. Sketch: graceful, principled."
249,Lugia,lugia,neutral,mature,"Lean by default: genderless. Stage mature: a final form or legendary with a wise, calm or protective canon. Pick: Pokémon of the Year top 15; guardian of the seas. Sketch: calm, protective."
250,Ho-Oh,hooh,neutral,mature,"Lean by default: genderless. Stage mature: a final form or legendary with a wise, calm or protective canon. Pick: Legendary of the rainbow seen in the first episode. Sketch: hopeful, radiant."
251,Celebi,celebi,neutral,young,"Lean by default: genderless. Stage young: a first stage with baby forms not counted, or a small single-stage form. Pick: Mythical forest guardian that travels through time. Sketch: gentle, curious."
252,Treecko,treecko,neutral,young,"Lean by default: starter ratio is class-wide. Stage young: a first stage with baby forms not counted, or a small single-stage form. Pick: Hoenn starter; Ash's Treecko was calm, proud and independent. Sketch: cool, self-reliant."
254,Sceptile,sceptile,neutral,evolved,"Lean by default: starter ratio is class-wide. Stage evolved: a middle or final form in its prime. Pick: Hoenn starter and Ash's ace; the Pokédex says it carefully grows trees and plants. Sketch: cool, protective."
255,Torchic,torchic,neutral,young,"Lean by default: starter ratio is class-wide. Stage young: a first stage with baby forms not counted, or a small single-stage form. Pick: Hoenn starter; the Pokédex says it follows its trainer closely. Sketch: warm, attached."
257,Blaziken,blaziken,neutral,evolved,"Lean by default: starter ratio is class-wide. Stage evolved: a middle or final form in its prime. Pick: Hoenn starter and top 30 in the 2020 vote; the stronger the foe, the hotter its flames. Sketch: competitive, driven."
258,Mudkip,mudkip,neutral,young,"Lean by default: starter ratio is class-wide. Stage young: a first stage with baby forms not counted, or a small single-stage form. Pick: Hoenn starter; the fin on its head senses changes around it. Sketch: steady, aware."
260,Swampert,swampert,neutral,evolved,"Lean by default: starter ratio is class-wide. Stage evolved: a middle or final form in its prime. Pick: Hoenn starter that can sense storms coming. Sketch: steady, strong."
280,Ralts,ralts,neutral,young,"Lean by default: ratio is 50%. Stage young: a first stage with baby forms not counted, or a small single-stage form. Pick: The Pokédex says its horns sense the feelings of people nearby. Sketch: sensitive, empathetic."
281,Kirlia,kirlia,neutral,evolved,"Lean by default: ratio is 50% and the line branches to both Gardevoir and Gallade. Stage evolved: a middle or final form in its prime. Pick: The Pokédex says it dances when its trainer is happy. Sketch: empathetic, expressive."
300,Skitty,skitty,feminine,young,"Lean by ratio: 75% female. Stage young: a first stage with baby forms not counted, or a small single-stage form. Pick: May's Skitty in the anime; the Pokédex says moving things fascinate it. Sketch: playful, unplanned."
311,Plusle,plusle,neutral,young,"Added by the 2026-09-27 screen. Lean by default: ratio is 50% (record only). Stage young: a first stage with baby forms not counted, or a small single-stage form. Pick: Hoenn; the Cheering Pokémon makes pom-poms of sparks to cheer on its partners. Sketch: outgoing, team player."
330,Flygon,flygon,neutral,evolved,"Lean by default: ratio is 50%. Stage evolved: a middle or final form in its prime. Pick: Pokémon of the Year top 30; called the spirit of the desert. Sketch: mysterious, calm."
333,Swablu,swablu,neutral,young,"Added by the 2026-09-27 screen. Lean by default: ratio is 50% (record only). Stage young: a first stage with baby forms not counted, or a small single-stage form. Pick: Hoenn; the Pokédex says it loves to make things clean and perches on heads like a cotton hat. Sketch: tidy, friendly, planner."
334,Altaria,altaria,neutral,mature,"Lean by default: ratio is 50%. Stage mature: a final form or legendary with a wise, calm or protective canon. Pick: It hums in a beautiful soprano and floats on cotton wings. Sketch: peaceful, gentle."
350,Milotic,milotic,neutral,mature,"Lean by default: ratio is 50%. Stage mature: a final form or legendary with a wise, calm or protective canon. Pick: The Tender Pokémon is said to calm angry hearts. Sketch: serene, gentle."
376,Metagross,metagross,neutral,mature,"Lean by default: genderless. Stage mature: a final form or legendary with a wise, calm or protective canon. Pick: Four brains make it smarter than a supercomputer; Steven's ace. Sketch: analytical, steady."
380,Latias,latias,feminine,evolved,"Lean by ratio: female only. Stage evolved: a middle or final form in its prime. Pick: Star of Pokémon Heroes; the Pokédex says it is highly sensitive to people's feelings. Sketch: empathetic, shy."
381,Latios,latios,masculine,evolved,"Lean by ratio: male only. Stage evolved: a middle or final form in its prime. Pick: Pokémon Heroes legendary; the Pokédex says it opens its heart only to compassionate trainers. Sketch: calm, intelligent."
384,Rayquaza,rayquaza,neutral,mature,"Lean by default: genderless. Stage mature: a final form or legendary with a wise, calm or protective canon. Pick: Eighth in the 2020 vote; it ends the fights between Groudon and Kyogre. Sketch: peacemaker, powerful."
385,Jirachi,jirachi,neutral,young,"Lean by default: genderless. Stage young: a first stage with baby forms not counted, or a small single-stage form. Pick: Mythical wish-maker said to grant wishes written on the notes on its head. Sketch: hopeful, gentle."
387,Turtwig,turtwig,neutral,young,"Lean by default: starter ratio is class-wide. Stage young: a first stage with baby forms not counted, or a small single-stage form. Pick: Sinnoh starter whose shell is made of soil. Sketch: calm, steady."
389,Torterra,torterra,neutral,mature,"Lean by default: starter ratio is class-wide. Stage mature: a final form or legendary with a wise, calm or protective canon. Pick: The Continent Pokémon carries a small forest where other Pokémon nest. Sketch: steady, sheltering."
390,Chimchar,chimchar,neutral,young,"Lean by default: starter ratio is class-wide. Stage young: a first stage with baby forms not counted, or a small single-stage form. Pick: Sinnoh starter that scales cliffs with ease. Sketch: energetic, eager."
392,Infernape,infernape,masculine,evolved,"Lean by portrayal: Ash's Infernape; design draws on Sun Wukong; starter ratio is class-wide. Stage evolved: a middle or final form in its prime. Pick: Sinnoh fire starter known for speed and a fiery fighting style. Sketch: bold, energetic."
393,Piplup,piplup,neutral,young,"Lean by default: starter ratio is class-wide. Stage young: a first stage with baby forms not counted, or a small single-stage form. Pick: Dawn's partner; the Pokédex calls it very proud. Sketch: proud, strong-willed."
395,Empoleon,empoleon,masculine,mature,"Lean by genus: Emperor Pokémon; starter ratio is class-wide. Stage mature: a final form or legendary with a wise, calm or protective canon. Pick: Sinnoh water starter; the leader of a colony carries the largest horns. Sketch: dignified, principled."
403,Shinx,shinx,neutral,young,"Added by the 2026-09-27 screen. Lean by default: ratio is 50% (record only). Stage young: a first stage with baby forms not counted, or a small single-stage form. Pick: Sinnoh; its fur flashes when it senses danger. Sketch: alert, sensitive, bold."
405,Luxray,luxray,neutral,evolved,"Lean by default: ratio is 50%. Stage evolved: a middle or final form in its prime. Pick: Pokémon of the Year top 25; its eyes see through walls. Sketch: watchful, confident."
417,Pachirisu,pachirisu,neutral,young,"Added by the 2026-09-27 screen. Lean by default: ratio is 50% (record only). Stage young: a first stage with baby forms not counted, or a small single-stage form. Pick: Dawn's Pachirisu in the anime; it stores crackling fur balls with berries in tree holes. Sketch: outgoing, spontaneous, playful."
427,Buneary,buneary,feminine,young,"Lean by portrayal: Dawn's Buneary in the anime is female; ratio is 50% so design and portrayal decide. Stage young: a first stage with baby forms not counted, or a small single-stage form. Pick: Dawn's Buneary; it strikes by uncoiling its rolled-up ears. Sketch: gentle, sensitive."
445,Garchomp,garchomp,neutral,evolved,"Lean by default: ratio is 50%. Stage evolved: a middle or final form in its prime. Pick: Seventh in the 2020 vote and Cynthia's ace. Sketch: competitive, driven."
448,Lucario,lucario,masculine,evolved,"Lean by ratio: 87.5% male is this species' own ratio, and the film Lucario and Ash's Lucario are male. Stage evolved: a middle or final form in its prime. Pick: Pokémon of the Year runner-up; it reads the aura of others. Sketch: disciplined, principled."
468,Togekiss,togekiss,neutral,mature,"Lean by default: the Togepi family ratio is class-wide. Stage mature: a final form or legendary with a wise, calm or protective canon. Pick: The Pokédex says it visits places where people respect each other. Sketch: kind, hopeful."
470,Leafeon,leafeon,neutral,evolved,"Lean by default: Eevee family ratio is class-wide. Stage evolved: a middle or final form in its prime. Pick: It photosynthesises like a plant and keeps the air around it clean. Sketch: peaceful, steady."
471,Glaceon,glaceon,neutral,evolved,"Lean by default: Eevee family ratio is class-wide. Stage evolved: a middle or final form in its prime. Pick: It freezes its fur into fine needles. Sketch: cool, composed."
475,Gallade,gallade,masculine,mature,"Lean by ratio: male only. Stage mature: a final form or legendary with a wise, calm or protective canon. Pick: The Blade Pokémon; the Pokédex calls it a master of courtesy and swordsmanship. Sketch: principled, calm."
479,Rotom,rotom,neutral,young,"Lean by default: genderless. Stage young: a first stage with baby forms not counted, or a small single-stage form. Pick: It slips into machines and powered the Rotom Pokédex. Sketch: curious, mischievous."
488,Cresselia,cresselia,feminine,mature,"Lean by ratio: female only. Stage mature: a final form or legendary with a wise, calm or protective canon. Pick: Legendary of the crescent moon that brings good dreams. Sketch: calm, kind."
490,Manaphy,manaphy,neutral,young,"Added by the 2026-09-27 screen. Lean by default: genderless (record only). Stage young: a first stage with baby forms not counted, or a small single-stage form. Pick: Star of Pokémon Ranger and the Temple of the Sea; it bonds with any kind of Pokémon. Sketch: affectionate, sensitive, curious."
492,Shaymin,shaymin,neutral,young,"Added by the 2026-09-27 screen. Lean by default: genderless (record only). Stage young: a first stage with baby forms not counted, or a small single-stage form. Pick: Mythical; its flowers bloom when it senses gratitude, and it turns ruined land into flower fields. Sketch: sensitive, low-key, caring."
494,Victini,victini,neutral,young,"Added by the 2026-09-27 screen. Lean by default: genderless (record only). Stage young: a first stage with baby forms not counted, or a small single-stage form. Pick: Mythical Victory Pokémon that shares its endless energy with those it touches. Sketch: outgoing, generous, spontaneous."
497,Serperior,serperior,neutral,mature,"Lean by default: starter ratio is class-wide. Stage mature: a final form or legendary with a wise, calm or protective canon. Pick: The Regal Pokémon saves its full strength for worthy rivals. Sketch: composed, dignified."
501,Oshawott,oshawott,neutral,young,"Lean by default: starter ratio is class-wide. Stage young: a first stage with baby forms not counted, or a small single-stage form. Pick: Unova starter; Ash's Oshawott is eager and earnest. Sketch: eager, social."
503,Samurott,samurott,masculine,mature,"Lean by design: a samurai general with a moustache-like whisker line; starter ratio is class-wide. Stage mature: a final form or legendary with a wise, calm or protective canon. Pick: Unova water starter; the Pokédex says one glare silences a foe. Sketch: composed, commanding."
542,Leavanny,leavanny,neutral,mature,"Lean by default: ratio is 50%. Stage mature: a final form or legendary with a wise, calm or protective canon. Pick: The Nurturing Pokémon sews leaf clothing for young Pokémon it finds. Sketch: caring, diligent."
547,Whimsicott,whimsicott,neutral,evolved,"Lean by default: ratio is 50%. Stage evolved: a middle or final form in its prime. Pick: It slips through gaps and leaves cotton behind as a prank. Sketch: free spirit, playful."
548,Petilil,petilil,feminine,young,"Lean by ratio: female only. Stage young: a first stage with baby forms not counted, or a small single-stage form. Pick: The leaves on its head are prized for a bitter herbal tea. Sketch: quiet, steady grower."
549,Lilligant,lilligant,feminine,evolved,"Lean by ratio: female only. Stage evolved: a middle or final form in its prime. Pick: Its flower's scent relaxes anyone nearby; even experts find it hard to raise. Sketch: poised, composed."
570,Zorua,zorua,neutral,young,"Lean by default: its 87.5% male ratio conflicts with the female Zoroark of the Master of Illusions film. Stage young: a first stage with baby forms not counted, or a small single-stage form. Pick: Tricky fox that disguises itself for fun. Sketch: playful, clever."
571,Zoroark,zoroark,neutral,evolved,"Lean by default: its 87.5% male ratio conflicts with the female Zoroark of the Master of Illusions film. Stage evolved: a middle or final form in its prime. Pick: Pokémon of the Year top 25; master of illusions who protects its kin. Sketch: clever, protective."
572,Minccino,minccino,feminine,young,"Lean by ratio: 75% female. Stage young: a first stage with baby forms not counted, or a small single-stage form. Pick: The Pokédex says it sweeps dust with its tail and loves a clean home. Sketch: tidy, organised, friendly."
573,Cinccino,cinccino,feminine,evolved,"Lean by ratio: 75% female. Stage evolved: a middle or final form in its prime. Pick: The Pokédex says it will not tolerate a speck of dust in its nest. Sketch: tidy, social."
585,Deerling,deerling,neutral,young,"Added by the 2026-09-27 screen. Lean by default: ratio is 50% (record only). Stage young: a first stage with baby forms not counted, or a small single-stage form. Pick: Unova; its fur changes colour and scent with the seasons. Sketch: sensitive, adaptable, low-key."
586,Sawsbuck,sawsbuck,neutral,mature,"Added by the 2026-09-27 screen. Lean by default: ratio is 50% (record only). Stage mature: a final form or legendary with a wise, calm or protective canon. Pick: Unova; people read the season from its horns, and the leaders of the herd carry the finest ones. Sketch: steady, dignified, guiding."
610,Axew,axew,neutral,young,"Added by the 2026-09-27 screen. Lean by default: ratio is 50% (record only). Stage young: a first stage with baby forms not counted, or a small single-stage form. Pick: Iris's partner in the anime; its tusks grow back stronger each time they break. Sketch: determined, earnest, strong-willed."
627,Rufflet,rufflet,masculine,young,"Lean by ratio: male only. Stage young: a first stage with baby forms not counted, or a small single-stage form. Pick: The Pokédex says it challenges anyone, however strong. Sketch: bold, outgoing."
628,Braviary,braviary,masculine,evolved,"Lean by ratio: male only. Stage evolved: a middle or final form in its prime. Pick: The Valiant Pokémon fights for its friends whatever the danger. Sketch: brave, loyal."
637,Volcarona,volcarona,neutral,mature,"Lean by default: ratio is 50%. Stage mature: a final form or legendary with a wise, calm or protective canon. Pick: The Pokédex says its fire stood in for the sun when ash darkened the sky. Sketch: warm, protective."
648,Meloetta,meloetta,neutral,evolved,"Lean by default: genderless. Stage evolved: a middle or final form in its prime. Pick: Mythical singer whose melodies can lift or calm those who hear them. Sketch: artistic, sensitive."
650,Chespin,chespin,neutral,young,"Lean by default: starter ratio is class-wide. Stage young: a first stage with baby forms not counted, or a small single-stage form. Pick: Kalos starter; Clemont's Chespin is cheerful and curious. Sketch: cheerful, curious."
653,Fennekin,fennekin,feminine,young,"Lean by portrayal: Serena's Fennekin in the XY anime is female; the 1-in-8 starter ratio is class-wide and not evidence. Stage young: a first stage with baby forms not counted, or a small single-stage form. Pick: Kalos fire starter; its roomy ears puff out hot air. Sketch: curious, a little proud."
654,Braixen,braixen,feminine,evolved,"Lean by portrayal: Serena's Braixen in the XY anime; the starter ratio is class-wide. Stage evolved: a middle or final form in its prime. Pick: It carries a twig wand and lights it with friction from its tail. Sketch: imaginative, poised."
655,Delphox,delphox,feminine,mature,"Lean by portrayal: Serena's Delphox line in the XY anime; design references a sorceress; starter ratio is class-wide. Stage mature: a final form or legendary with a wise, calm or protective canon. Pick: The Pokédex says it gazes into its flame to see the future. Sketch: wise, imaginative, composed."
656,Froakie,froakie,neutral,young,"Lean by default: starter ratio is class-wide. Stage young: a first stage with baby forms not counted, or a small single-stage form. Pick: Kalos starter; the Pokédex says it stays alert behind a calm face. Sketch: watchful, cool."
658,Greninja,greninja,masculine,evolved,"Lean by portrayal: Ash's Greninja in the XY anime; starter ratio is class-wide. Stage evolved: a middle or final form in its prime. Pick: Winner of the 2020 Pokémon of the Year vote; a ninja that appears and vanishes. Sketch: cool-headed, independent."
669,Flabébé,flabebe,feminine,young,"Lean by ratio: female only. Stage young: a first stage with baby forms not counted, or a small single-stage form. Pick: It finds one flower it loves and cares for it for its whole life. Sketch: devoted, gentle."
671,Florges,florges,feminine,mature,"Lean by ratio: female only. Stage mature: a final form or legendary with a wise, calm or protective canon. Pick: The Garden Pokémon tends flower gardens as its home and shares their beauty. Sketch: patient caretaker."
681,Aegislash,aegislash,neutral,mature,"Lean by default: ratio is 50%. Stage mature: a final form or legendary with a wise, calm or protective canon. Pick: Pokémon of the Year top 20; legend says whoever it recognises is destined to be king. Sketch: principled, loyal."
700,Sylveon,sylveon,neutral,evolved,"Lean by default: Eevee family ratio is class-wide. Stage evolved: a middle or final form in its prime. Pick: Sixth in the 2020 vote; its ribbons send soothing feelings. Sketch: affectionate, warm."
701,Hawlucha,hawlucha,masculine,evolved,"Lean by portrayal: Ash's Hawlucha and a luchador design; ratio is 50%. Stage evolved: a middle or final form in its prime. Pick: The Wrestling Pokémon loves flashy moves and a cheering crowd. Sketch: theatrical, outgoing."
722,Rowlet,rowlet,neutral,young,"Lean by default: starter ratio is class-wide. Stage young: a first stage with baby forms not counted, or a small single-stage form. Pick: Alola starter, Pokémon of the Year top 20; the Pokédex says it glides without a sound. Sketch: calm, watchful."
724,Decidueye,decidueye,neutral,mature,"Lean by default: starter ratio is class-wide. Stage mature: a final form or legendary with a wise, calm or protective canon. Pick: Pokémon of the Year top 25; the Pokédex calls it cool and cautious. Sketch: precise, composed."
725,Litten,litten,neutral,young,"Lean by default: starter ratio is class-wide. Stage young: a first stage with baby forms not counted, or a small single-stage form. Pick: Alola starter known for keeping its feelings to itself. Sketch: independent, reserved."
728,Popplio,popplio,neutral,young,"Lean by default: starter ratio is class-wide. Stage young: a first stage with baby forms not counted, or a small single-stage form. Pick: Alola starter that practises its water balloons again and again. Sketch: persistent, cheerful."
730,Primarina,primarina,feminine,mature,"Lean by design: based on a siren from myth; the starter ratio is class-wide. Stage mature: a final form or legendary with a wise, calm or protective canon. Pick: The Pokédex says its songs pass from one generation to the next. Sketch: expressive, graceful."
741,Oricorio,oricorio,feminine,evolved,"Lean by ratio: 75% female. Stage evolved: a middle or final form in its prime. Pick: The Dancing Pokémon changes style with the nectar it sips. Sketch: expressive, outgoing."
742,Cutiefly,cutiefly,neutral,young,"Lean by default: ratio is 50%. Stage young: a first stage with baby forms not counted, or a small single-stage form. Pick: It senses the aura of flowers to find nectar. Sketch: lively, perceptive."
744,Rockruff,rockruff,neutral,young,"Lean by default: ratio is 50%. Stage young: a first stage with baby forms not counted, or a small single-stage form. Pick: Ash's Rockruff; the Pokédex calls it friendly to its trainer. Sketch: loyal, energetic."
745,Lycanroc,lycanroc,neutral,evolved,"Lean by default: ratio is 50%. Stage evolved: a middle or final form in its prime. Pick: Pokémon of the Year top 25; Ash's Lycanroc is loyal and fierce. Sketch: loyal, driven."
761,Bounsweet,bounsweet,feminine,young,"Lean by ratio: female only. Stage young: a first stage with baby forms not counted, or a small single-stage form. Pick: Mallow's partner in the Sun and Moon anime; it gives off a sweet scent. Sketch: cheerful, easygoing."
764,Comfey,comfey,feminine,evolved,"Lean by ratio: 75% female. Stage evolved: a middle or final form in its prime. Pick: It weaves flowers into a ring whose scent calms people. Sketch: considerate, gentle."
810,Grookey,grookey,neutral,young,"Lean by default: starter ratio is class-wide. Stage young: a first stage with baby forms not counted, or a small single-stage form. Pick: Galar starter that drums with a stick it never puts down. Sketch: playful, rhythmic."
813,Scorbunny,scorbunny,neutral,young,"Lean by default: starter ratio is class-wide. Stage young: a first stage with baby forms not counted, or a small single-stage form. Pick: Galar starter that is always running. Sketch: energetic, eager."
815,Cinderace,cinderace,neutral,evolved,"Lean by default: starter ratio is class-wide. Stage evolved: a middle or final form in its prime. Pick: Galar starter; the Striker Pokémon kicks fireballs for a crowd. Sketch: outgoing, showy."
818,Inteleon,inteleon,neutral,evolved,"Lean by default: starter ratio is class-wide. Stage evolved: a middle or final form in its prime. Pick: Galar starter; the Secret Agent Pokémon keeps a cool head. Sketch: composed, strategic."
821,Rookidee,rookidee,neutral,young,"Added by the 2026-09-27 screen. Lean by default: ratio is 50% (record only). Stage young: a first stage with baby forms not counted, or a small single-stage form. Pick: Galar; the Pokédex says it bravely challenges any opponent and grows from every battle. Sketch: bold, strong-willed, outgoing."
823,Corviknight,corviknight,neutral,mature,"Lean by default: ratio is 50%. Stage mature: a final form or legendary with a wise, calm or protective canon. Pick: Pokémon of the Year top 25; Galar's flying taxi. Sketch: dependable, steady."
831,Wooloo,wooloo,neutral,young,"Lean by default: ratio is 50%. Stage young: a first stage with baby forms not counted, or a small single-stage form. Pick: Its curly fleece cushions it so well it can tumble off a cliff unharmed. Sketch: gentle, easygoing."
836,Boltund,boltund,neutral,evolved,"Added by the 2026-09-27 screen. Lean by default: ratio is 50% (record only). Stage evolved: a middle or final form in its prime. Pick: Galar; it can run for three full days without stopping. Sketch: energetic, outgoing, go-with-the-flow."
856,Hatenna,hatenna,feminine,young,"Lean by ratio: female only. Stage young: a first stage with baby forms not counted, or a small single-stage form. Pick: The Pokédex says it senses the feelings of others and keeps away from angry ones. Sketch: calm, perceptive."
869,Alcremie,alcremie,feminine,evolved,"Lean by ratio: female only. Stage evolved: a middle or final form in its prime. Pick: It decorates berries with cream and gives them to trainers it trusts. Sketch: creative, generous."
873,Frosmoth,frosmoth,neutral,mature,"Lean by default: ratio is 50%. Stage mature: a final form or legendary with a wise, calm or protective canon. Pick: A gentle moth that guards the frozen fields it lives in. Sketch: graceful, principled."
887,Dragapult,dragapult,neutral,evolved,"Lean by default: ratio is 50%. Stage evolved: a middle or final form in its prime. Pick: Pokémon of the Year top 11; it carries young Dreepy in its horns. Sketch: fast, caring."
888,Zacian,zacian,neutral,mature,"Added by the 2026-09-27 screen. Lean by default: genderless (record only). Stage mature: a final form or legendary with a wise, calm or protective canon. Pick: Legendary hero of Galar that forges its own sword. Sketch: brave, principled, strong-willed."
891,Kubfu,kubfu,masculine,young,"Lean by ratio: 87.5% male is this species' own ratio, not the class-wide starter ratio. Stage young: a first stage with baby forms not counted, or a small single-stage form. Pick: Legendary cub that trains hard to master a fighting style. Sketch: disciplined, earnest."
892,Urshifu,urshifu,masculine,evolved,"Lean by ratio: 87.5% male is this species' own ratio. Stage evolved: a middle or final form in its prime. Pick: Legendary master of a martial art style. Sketch: disciplined, strong-willed."
906,Sprigatito,sprigatito,neutral,young,"Lean by default: starter ratio is class-wide. Stage young: a first stage with baby forms not counted, or a small single-stage form. Pick: Paldea starter; Liko's partner in Pokémon Horizons. Sketch: independent, playful."
908,Meowscarada,meowscarada,neutral,evolved,"Lean by default: starter ratio is class-wide. Stage evolved: a middle or final form in its prime. Pick: Paldea starter; the Magician Pokémon wins with misdirection. Sketch: creative, playful."
912,Quaxly,quaxly,neutral,young,"Lean by default: starter ratio is class-wide. Stage young: a first stage with baby forms not counted, or a small single-stage form. Pick: Paldea starter; the Pokédex says it keeps itself neat and clean. Sketch: tidy, earnest."
957,Tinkatink,tinkatink,feminine,young,"Lean by ratio: female only. Stage young: a first stage with baby forms not counted, or a small single-stage form. Pick: It forges its own hammer from scrap metal. Sketch: determined maker, independent."
959,Tinkaton,tinkaton,feminine,evolved,"Lean by ratio: female only. Stage evolved: a middle or final form in its prime. Pick: It swings a hammer bigger than itself and can knock a Corviknight out of the sky. Sketch: strong-willed, bold."
